onset	duration	sample	value
0.0000000000	n/a	0	BASE2T0
0.1000000000	n/a	16	BASE2T1
